source_url,local_path,bytes,sha256
https://ecrivanalyse.net/local/cache-css/9d52a517677fc1859f2b6199aa4cedb7.css?1782946068,media/local/cache-css/9d52a517677fc1859f2b6199aa4cedb7.css__1b0f3277,44872,bc455f6d56ce4a6ea7ba60365badce34acb90686527c4d447f35b497d1602326
https://ecrivanalyse.net/local/cache-vignettes/L20xH20/txt-b6c6b.png?1612276016,media/local/cache-vignettes/L20xH20/txt-b6c6b.png__72b589df,556,b9b41d7f8760e012c5fb272438de378fedec81c526728c49409908772d0e3d3f
https://ecrivanalyse.net/local/cache-vignettes/L16xH20/dual-0abc3-309a3.jpg?1612312348,media/local/cache-vignettes/L16xH20/dual-0abc3-309a3.jpg__d33fb601,787,768297234b2e8cfd81b0a8a5ec4fb5378251d6a6097994604fb658835f515567
https://ecrivanalyse.net/local/cache-vignettes/L20xH20/vignette-48fde-1d88f.png?1612361714,media/local/cache-vignettes/L20xH20/vignette-48fde-1d88f.png__0db08696,1143,0361f2ffb59f44f138c8af04924d60b11434043bf81c14ec40d224d6892b2514
https://ecrivanalyse.net/IMG/pdf/ME050628-2.pdf,media/IMG/pdf/ME050628-2.pdf,1610479,7a52840e62f0ee3bd2c9e99324d2ec9445b1596762f4e431ef01fecf740d84c8
https://ecrivanalyse.net/local/cache-vignettes/L20xH20/vignette-2-23029.png?1612361714,media/local/cache-vignettes/L20xH20/vignette-2-23029.png__0db08696,1153,e8938d4a3872d17035e41b7314435144944729276d40a0a1aace4d8ace46b411
http://ecrivanalyse.net/IMG/pdf/ME050628-2.pdf,media/IMG/pdf/ME050628-2.pdf,1610479,7a52840e62f0ee3bd2c9e99324d2ec9445b1596762f4e431ef01fecf740d84c8
https://ecrivanalyse.net/local/cache-vignettes/L16xH20/accro-1f16b-8c3a9.jpg?1612283244,media/local/cache-vignettes/L16xH20/accro-1f16b-8c3a9.jpg__b6c8b99d,804,c848cc1c9979277c71553f370e6754760c6a119cc9746023530411fe31c48ba2
https://ecrivanalyse.net/local/cache-vignettes/L210xH139/Mise_au_Point_par_MD-c307c.jpg?1612311703,media/local/cache-vignettes/L210xH139/Mise_au_Point_par_MD-c307c.jpg__c661a95e,53640,4033f51c958c5cc7037eb3cb01309d67641b07dc63b741fd88f942c979bc6e8c
https://ecrivanalyse.net/local/cache-vignettes/L8xH11/puce-32883.gif?1612431458,media/local/cache-vignettes/L8xH11/puce-32883.gif__8b621d12,83,614d3e6da2f84fbbf294a351ed5515d44245eaf0cefba1fe557209b2c1bff2c3
https://ecrivanalyse.net/local/cache-vignettes/L20xH20/vignette-8-c09f2-e3670.png?1612580921,media/local/cache-vignettes/L20xH20/vignette-8-c09f2-e3670.png__063b016c,1143,0361f2ffb59f44f138c8af04924d60b11434043bf81c14ec40d224d6892b2514
https://ecrivanalyse.net/local/cache-vignettes/L14xH20/2130544053_M-34187-e82d1.png?1612309157,media/local/cache-vignettes/L14xH20/2130544053_M-34187-e82d1.png__dbd12cd8,492,e507996b009d2b69b5d69592a1d7eaaca83490edd16d03a36ae4251c74c9c168
