id,url,title,article_ids
3,https://ecrivanalyse.net/spip.php?rubrique3,Livre d’eux (le fait d’attendre),123 | 124 | 125
5,https://ecrivanalyse.net/spip.php?rubrique5,Faire une quinte de tout,127 | 797
39,https://ecrivanalyse.net/spip.php?rubrique39,5.- Rythme hebdomadaire d’une écrivanalyse-type,129 | 130 | 131 | 132 | 134
40,https://ecrivanalyse.net/spip.php?rubrique40,Et pour tout renseignement complémentaire...,118 | 136
42,https://ecrivanalyse.net/spip.php?rubrique42,Pour avoir une première idée,14
46,https://ecrivanalyse.net/spip.php?rubrique46,Les écrivanalyses en cours,
54,https://ecrivanalyse.net/spip.php?rubrique54,Le blocage de la fin,238 | 245 | 257 | 265 | 266 | 270 | 273 | 283 | 284 | 290
62,https://ecrivanalyse.net/spip.php?rubrique62,"Écrivanalyses passées, en cours... futures ?",
64,https://ecrivanalyse.net/spip.php?rubrique64,Les écrivanalyses passées,
66,https://ecrivanalyse.net/spip.php?rubrique66,Un parrain deux par deux,210 | 211 | 212 | 213 | 249 | 250 | 251 | 252 | 253 | 254
67,https://ecrivanalyse.net/spip.php?rubrique67,Écrivanalyses futures ?,
68,https://ecrivanalyse.net/spip.php?rubrique68,Ça commence à se voir,406 | 409 | 410 | 411 | 412 | 413 | 414 | 415 | 423 | 424
69,https://ecrivanalyse.net/spip.php?rubrique69,À ce qui fait mal,3236 | 3255 | 3280 | 3297 | 3318 | 3343 | 3365 | 3378 | 3403 | 3422
70,https://ecrivanalyse.net/spip.php?rubrique70,Celui pour qui l’on conte,303 | 306 | 309 | 343 | 351 | 382
71,https://ecrivanalyse.net/spip.php?rubrique71,À bien ce mâle mener,514 | 519 | 520 | 522 | 525 | 532 | 543 | 551 | 611 | 618
72,https://ecrivanalyse.net/spip.php?rubrique72,Partir sur un coup d’esthète,381 | 395 | 408 | 420 | 430 | 448 | 458 | 471 | 474
73,https://ecrivanalyse.net/spip.php?rubrique73,Séances de p(au)se par année,
74,https://ecrivanalyse.net/spip.php?rubrique74,Ce n’est pas du jeu,714 | 715 | 716 | 717 | 718 | 734 | 737 | 739 | 998 | 999
75,https://ecrivanalyse.net/spip.php?rubrique75,Fluides - Partie III - Chapitre IV,601 | 602 | 603 | 604 | 605 | 606 | 607 | 608 | 609 | 610
76,https://ecrivanalyse.net/spip.php?rubrique76,Se bat le plus possible,755 | 761 | 766 | 771 | 774 | 779 | 788 | 799 | 803 | 808
77,https://ecrivanalyse.net/spip.php?rubrique77,Feu en jeu de détresse,750 | 754 | 760 | 765 | 770 | 773 | 778 | 781 | 787 | 793
78,https://ecrivanalyse.net/spip.php?rubrique78,En être et en avoir,749 | 753 | 758 | 763 | 768 | 772 | 776 | 780 | 785 | 796
79,https://ecrivanalyse.net/spip.php?rubrique79,Se livrer à son partage,896 | 963 | 979 | 1000 | 1034 | 1035 | 1037 | 1038 | 1039 | 1045
80,https://ecrivanalyse.net/spip.php?rubrique80,Des mots pour un autre,881 | 886 | 891 | 898 | 902 | 911 | 915 | 922 | 925 | 932
81,https://ecrivanalyse.net/spip.php?rubrique81,La fin de ces maux,866 | 874 | 879 | 883 | 888 | 892 | 901 | 903 | 907 | 913
82,https://ecrivanalyse.net/spip.php?rubrique82,Ça ne se plaît pas,959 | 968 | 973 | 985 | 993 | 997 | 1003 | 1016 | 1020 | 1029
83,https://ecrivanalyse.net/spip.php?rubrique83,Vus et vécus pas dus,897
84,https://ecrivanalyse.net/spip.php?rubrique84,Vouloir de soi à Noël,972 | 975 | 977 | 984 | 987 | 989 | 992 | 996 | 1001 | 1004
85,https://ecrivanalyse.net/spip.php?rubrique85,Mettre ses sous de côté,990 | 994 | 1002 | 1006 | 1010 | 1015 | 1019 | 1023 | 1026 | 1031
86,https://ecrivanalyse.net/spip.php?rubrique86,Vivre sa moitié en double,961
87,https://ecrivanalyse.net/spip.php?rubrique87,L’air de n’être pas ça,1083 | 1122 | 1124 | 1125 | 1129 | 1134 | 1135 | 1139 | 1242 | 1245
88,https://ecrivanalyse.net/spip.php?rubrique88,Le temps que ça vienne,1089 | 1096 | 1099 | 1105 | 1111 | 1115 | 1121 | 1126 | 1138 | 1142
89,https://ecrivanalyse.net/spip.php?rubrique89,Vie en cas de décès,1109 | 1114 | 1118 | 1127 | 1130 | 1132 | 1136 | 1143 | 1145 | 1148
90,https://ecrivanalyse.net/spip.php?rubrique90,La raclée à son père,1183 | 1196 | 1210 | 1217 | 1227 | 1235 | 1246 | 1251 | 1272 | 1282
91,https://ecrivanalyse.net/spip.php?rubrique91,Aller voir où ça va,1131 | 1137 | 1141 | 1150 | 1157 | 1166 | 1172 | 1180 | 1194 | 1205
92,https://ecrivanalyse.net/spip.php?rubrique92,Au fond du puits sans,1317 | 1320 | 1321 | 1322 | 1326 | 1328 | 1330 | 1332 | 1335 | 1338
93,https://ecrivanalyse.net/spip.php?rubrique93,La fin de quelque chose,1216 | 1224 | 1232 | 1236 | 1240 | 1241 | 1247 | 1252 | 1257 | 1267
94,https://ecrivanalyse.net/spip.php?rubrique94,Ça peut en faire partie,1226 | 1230 | 1233 | 1239 | 1248 | 1254 | 1258 | 1260 | 1261 | 1264
95,https://ecrivanalyse.net/spip.php?rubrique95,Le prix de la décence,1192 | 1207 | 1229 | 1243 | 1275
96,https://ecrivanalyse.net/spip.php?rubrique96,Jet d’eau de son bain,1354 | 1359 | 1365 | 1372 | 1376 | 1386 | 1396 | 1402 | 1406 | 1412
97,https://ecrivanalyse.net/spip.php?rubrique97,Le temps que ça s’écrive,
98,https://ecrivanalyse.net/spip.php?rubrique98,Ses choix sont les bons,1336 | 1341 | 1344 | 1347 | 1350 | 1353 | 1355 | 1358 | 1361 | 1364
99,https://ecrivanalyse.net/spip.php?rubrique99,Pieds de son siège délectable,
100,https://ecrivanalyse.net/spip.php?rubrique100,Ça se fait à trois,1382 | 1393 | 1400 | 1405 | 1411 | 1422 | 1425 | 1441 | 1447 | 1451
101,https://ecrivanalyse.net/spip.php?rubrique101,Où ça ne se barbe,1407 | 1415 | 1424 | 1428 | 1446 | 1454 | 1458 | 1463 | 1465 | 1469
102,https://ecrivanalyse.net/spip.php?rubrique102,Être à peu près sûre,
103,https://ecrivanalyse.net/spip.php?rubrique103,Le tout à fait fait,1368 | 1426 | 1429 | 1437 | 1442 | 1443 | 1448 | 1449 | 1450 | 1453
104,https://ecrivanalyse.net/spip.php?rubrique104,Été qui n’a pas été,1493 | 1498 | 1502 | 1505 | 1510 | 1513 | 1521 | 1524 | 1530 | 1539
105,https://ecrivanalyse.net/spip.php?rubrique105,La tête contre son mur,1455 | 1459 | 1462 | 1468
106,https://ecrivanalyse.net/spip.php?rubrique106,Comme si l’on était timide,
108,https://ecrivanalyse.net/spip.php?rubrique108,Se sauver à la tâche,1520 | 1523 | 1525 | 1531 | 1535 | 1560 | 1569 | 1590 | 1600 | 1606
109,https://ecrivanalyse.net/spip.php?rubrique109,Être en vie de mûrir,1543 | 1545 | 1555 | 1562 | 1571 | 1581 | 1589 | 1597 | 1601 | 1607
110,https://ecrivanalyse.net/spip.php?rubrique110,Fait de ne pas insister,1547 | 1558 | 1567 | 1587 | 1591 | 1592 | 1594 | 1595 | 1596 | 1598
111,https://ecrivanalyse.net/spip.php?rubrique111,Se donner à sa main,
112,https://ecrivanalyse.net/spip.php?rubrique112,La vie à sa taille,1496
113,https://ecrivanalyse.net/spip.php?rubrique113,Être dans son top cinq,1645 | 1653 | 1660 | 1669 | 1673 | 1683 | 1690 | 1694 | 1698 | 1706
114,https://ecrivanalyse.net/spip.php?rubrique114,À cran et à vif,2010 | 2048 | 2072 | 2097 | 2120 | 2146 | 2168 | 2207 | 2230 | 2255
115,https://ecrivanalyse.net/spip.php?rubrique115,Ce qu’on a en tête,1737 | 1751 | 1753 | 1754 | 1756 | 1758 | 1759 | 1760 | 1761 | 1775
116,https://ecrivanalyse.net/spip.php?rubrique116,Ce qui continue sa vie,1744 | 1752 | 1757 | 1763 | 1770 | 1779 | 1790 | 1797 | 1803 | 1814
117,https://ecrivanalyse.net/spip.php?rubrique117,Le bien à le dire,1766 | 1773 | 1782 | 1788 | 1799 | 1805 | 1816 | 1821 | 1847 | 1856
118,https://ecrivanalyse.net/spip.php?rubrique118,La plupart de la vie,1648
119,https://ecrivanalyse.net/spip.php?rubrique119,Où le mot en a,1818 | 1823 | 1832 | 1839 | 1849 | 1855 | 1864 | 1873 | 1877 | 1885
120,https://ecrivanalyse.net/spip.php?rubrique120,Ce que ça se rend,1881 | 1928 | 1930 | 1936 | 2153 | 2157 | 2160 | 2161 | 2164 | 2166
121,https://ecrivanalyse.net/spip.php?rubrique121,Au lieu de son lieu,1949 | 1956 | 1975 | 1979 | 1985 | 1998 | 2003 | 2007 | 2017 | 2027
122,https://ecrivanalyse.net/spip.php?rubrique122,Ce qu’on s’est tout dit,2140 | 2154 | 2162 | 2174 | 2192 | 2217 | 2237 | 2250 | 2258 | 2280
123,https://ecrivanalyse.net/spip.php?rubrique123,Être ce que l’on a,2058 | 2065 | 2074 | 2083 | 2089 | 2093 | 2096 | 2102 | 2107 | 2111
124,https://ecrivanalyse.net/spip.php?rubrique124,À vide et à temps,1909 | 1914 | 1926 | 1943 | 1954 | 1961 | 1980 | 1991 | 1999 | 2008
125,https://ecrivanalyse.net/spip.php?rubrique125,Le code de la perte,1927 | 1955 | 1977 | 1995 | 2006
126,https://ecrivanalyse.net/spip.php?rubrique126,Et où Ana y hisse,2261 | 2262 | 3040 | 3042 | 3043 | 3113 | 3114 | 3119 | 3120 | 3121
127,https://ecrivanalyse.net/spip.php?rubrique127,Je dit à le dire,1942 | 1960 | 1997 | 2009 | 2031 | 2045 | 2066 | 2084 | 2094 | 2103
128,https://ecrivanalyse.net/spip.php?rubrique128,Ce qui est vraiment top,2002 | 2015 | 2024 | 2033 | 2043 | 2052 | 2061
129,https://ecrivanalyse.net/spip.php?rubrique129,Le fer dans le sac,2159 | 2165 | 2170 | 2178 | 2188 | 2195 | 2206 | 2216 | 2225 | 2234
130,https://ecrivanalyse.net/spip.php?rubrique130,Être une née au logisme,
131,https://ecrivanalyse.net/spip.php?rubrique131,Là où l’on est là,2215 | 2220 | 2228 | 2238 | 2246 | 2252 | 2256 | 2264 | 2271 | 2276
132,https://ecrivanalyse.net/spip.php?rubrique132,Où l’on est à l’aise,2267 | 2268 | 2270 | 2275 | 2277 | 2278 | 2279 | 2283 | 2285 | 2289
133,https://ecrivanalyse.net/spip.php?rubrique133,Qui est pas vers soi,2425 | 2451 | 2467 | 2490 | 2512 | 2526 | 2538 | 2554 | 2570 | 2583
134,https://ecrivanalyse.net/spip.php?rubrique134,À la longue à laine,2355 | 2360 | 2365 | 2369 | 2373 | 2377 | 2382 | 2387 | 2392 | 2398
135,https://ecrivanalyse.net/spip.php?rubrique135,Pas ça sur le dos,2763 | 2803 | 2834 | 2865 | 2895 | 2926 | 2963 | 2998 | 3030 | 3055
136,https://ecrivanalyse.net/spip.php?rubrique136,Ce que l’on a eu,2345 | 2357 | 2368 | 2375 | 2386 | 2408 | 2448 | 2460 | 2508 | 2510
137,https://ecrivanalyse.net/spip.php?rubrique137,Ce que l’on a dit,2407 | 2422 | 2429 | 2440 | 2504 | 2511 | 2522 | 2527 | 2535 | 2545
138,https://ecrivanalyse.net/spip.php?rubrique138,De ce que l’on fait,2567 | 2582 | 2606 | 2621 | 2632 | 2645 | 2658 | 2667 | 2678 | 2688
139,https://ecrivanalyse.net/spip.php?rubrique139,De la place à faire,2454 | 2462 | 2469 | 2479 | 2491 | 2500 | 2517 | 2524 | 2530 | 2541
140,https://ecrivanalyse.net/spip.php?rubrique140,En a marre qui largue,2480 | 2492 | 2501 | 2513 | 2520 | 2529 | 2536 | 2546 | 2556 | 2565
141,https://ecrivanalyse.net/spip.php?rubrique141,Le prix du pas vu,2486 | 2493 | 2496 | 2502 | 2507 | 2519 | 2523 | 2525 | 2528 | 2532
142,https://ecrivanalyse.net/spip.php?rubrique142,À qui l’on dit ça,
143,https://ecrivanalyse.net/spip.php?rubrique143,Chant d’elle valant le Je,
144,https://ecrivanalyse.net/spip.php?rubrique144,Ce tout que l’on peut,
145,https://ecrivanalyse.net/spip.php?rubrique145,À ce qu’on ne sait,2531 | 2539 | 2540 | 2543 | 2550 | 2564 | 2573 | 2590 | 2592 | 2612
146,https://ecrivanalyse.net/spip.php?rubrique146,Ce qui est en l’air,2610 | 2611 | 2616 | 2618 | 2626 | 2631 | 2637 | 2642 | 2646 | 2648
147,https://ecrivanalyse.net/spip.php?rubrique147,Et ce qui s’y prête,2663 | 2670 | 2676 | 2682 | 2686 | 2694 | 2698 | 2709 | 2717 | 2726
148,https://ecrivanalyse.net/spip.php?rubrique148,Ce qui est bien payé,2724 | 2733 | 2744 | 2757 | 2770 | 2779 | 2823 | 2830 | 2841 | 2847
149,https://ecrivanalyse.net/spip.php?rubrique149,Là où l’on sait aller,2674 | 2681 | 2687 | 2691 | 2700 | 2707 | 2714 | 2720 | 2727 | 2735
150,https://ecrivanalyse.net/spip.php?rubrique150,Ça se rend la vie,2802 | 2814 | 2832 | 2849 | 2864 | 2880 | 2893 | 2909 | 2923 | 2938
151,https://ecrivanalyse.net/spip.php?rubrique151,Là on trié des nous,
152,https://ecrivanalyse.net/spip.php?rubrique152,À ce rêve de bébé,2810 | 2839 | 2854 | 2871 | 2881 | 2888 | 2914 | 2934 | 2949 | 2971
153,https://ecrivanalyse.net/spip.php?rubrique153,Une chose à la foi,2704 | 2711 | 2713 | 2719 | 2725 | 2729 | 2730 | 2734 | 2740 | 2741
154,https://ecrivanalyse.net/spip.php?rubrique154,Ce qui se fait trop,2712 | 2715 | 2752 | 2764 | 2765 | 2767 | 2777 | 2789 | 3068
155,https://ecrivanalyse.net/spip.php?rubrique155,À la page où être,2944 | 2967 | 2984 | 3003 | 3023 | 3034 | 3051 | 3063 | 3086 | 3106
156,https://ecrivanalyse.net/spip.php?rubrique156,À pic sur la soupe,2820 | 2824 | 2826 | 2829 | 2836 | 2840 | 2844 | 2848 | 2856 | 2859
157,https://ecrivanalyse.net/spip.php?rubrique157,À mise sur le fil,2860 | 2872 | 2877 | 2885 | 2890 | 2894 | 2903 | 2908 | 2915 | 2921
158,https://ecrivanalyse.net/spip.php?rubrique158,Où l’on est ici aussi,2808 | 2815 | 2821 | 2825 | 2827 | 2833 | 2837 | 2842 | 2846 | 2851
159,https://ecrivanalyse.net/spip.php?rubrique159,Ce que l’on ne dit,2912 | 2916 | 2917 | 2919 | 2927 | 2931 | 2936 | 2940 | 2946 | 2951
160,https://ecrivanalyse.net/spip.php?rubrique160,Où on en est loin,2932 | 2937 | 2941 | 2948 | 2952 | 2957 | 2961 | 2968 | 2970 | 2976
161,https://ecrivanalyse.net/spip.php?rubrique161,Au rôle de son je,2997 | 3091 | 3100 | 3101 | 3110 | 3117 | 3118 | 3127 | 3128 | 3134
162,https://ecrivanalyse.net/spip.php?rubrique162,Le dire à sa mère,2943 | 2960 | 2983 | 2994 | 3012 | 3032 | 3052 | 3065 | 3085 | 3105
163,https://ecrivanalyse.net/spip.php?rubrique163,La vie et sa mort,2930 | 2935 | 2939 | 2954 | 2959 | 2973 | 2978 | 2990
164,https://ecrivanalyse.net/spip.php?rubrique164,Ouh là où ça mène,3074 | 3084 | 3097 | 3103 | 3112 | 3124 | 3133 | 3148 | 3160 | 3164
165,https://ecrivanalyse.net/spip.php?rubrique165,Dès là où y aller,2955 | 2981
166,https://ecrivanalyse.net/spip.php?rubrique166,À si tôt dit fait,3028 | 3031 | 3039 | 3044 | 3049 | 3053 | 3057 | 3062 | 3069 | 3072
167,https://ecrivanalyse.net/spip.php?rubrique167,À la casse à pied,3099 | 3108 | 3116 | 3129 | 3144 | 3150 | 3162 | 3167 | 3174 | 3183
168,https://ecrivanalyse.net/spip.php?rubrique168,Là où l’on y irait,3284 | 3301 | 3325 | 3345 | 3369 | 3386 | 3409 | 3427 | 3455 | 3476
169,https://ecrivanalyse.net/spip.php?rubrique169,Ce qui est bien venu,
170,https://ecrivanalyse.net/spip.php?rubrique170,L’être qui se fait rire,
171,https://ecrivanalyse.net/spip.php?rubrique171,Au finir et du dû,3159 | 3161 | 3165 | 3169 | 3173 | 3177 | 3180 | 3182 | 3187 | 3193
172,https://ecrivanalyse.net/spip.php?rubrique172,À sa tête se voir,3104 | 3155 | 3176 | 3235 | 3275 | 3319 | 3364 | 3404 | 3447 | 3491
173,https://ecrivanalyse.net/spip.php?rubrique173,À ne voir la nuit,3321 | 3344 | 3366 | 3380 | 3405 | 3424 | 3448 | 3470 | 3493 | 3516
174,https://ecrivanalyse.net/spip.php?rubrique174,À ce pair en fils,3218 | 3251 | 3285 | 3320 | 3332 | 3335 | 3350 | 3352 | 3358 | 3373
175,https://ecrivanalyse.net/spip.php?rubrique175,À ça va se savoir,3329 | 3340 | 3355 | 3368 | 3376 | 3389 | 3407 | 3414 | 3431 | 3443
176,https://ecrivanalyse.net/spip.php?rubrique176,À très peu de pli,3338 | 3351 | 3361 | 3383 | 3396 | 3408 | 3415 | 3495 | 3505 | 3518
177,https://ecrivanalyse.net/spip.php?rubrique177,À la ligne de vie,3271 | 3272 | 3273 | 3276 | 3287 | 3290 | 3294 | 3299 | 3303 | 3306
178,https://ecrivanalyse.net/spip.php?rubrique178,À ce qu’on y teste,3367 | 3382 | 3398 | 3416 | 3432 | 3451 | 3463 | 3480 | 3497 | 3512
179,https://ecrivanalyse.net/spip.php?rubrique179,À ce bu de scotch,3346 | 3360 | 3377 | 3395 | 3417 | 3435 | 3453 | 3474 | 3487 | 3506
180,https://ecrivanalyse.net/spip.php?rubrique180,À se poser un peu,3391 | 3397 | 3406 | 3411 | 3412 | 3418 | 3426 | 3433 | 3437 | 3442
181,https://ecrivanalyse.net/spip.php?rubrique181,À qui y dit pense,3446 | 3452 | 3454 | 3458 | 3459 | 3460 | 3461 | 3466 | 3482 | 3484
182,https://ecrivanalyse.net/spip.php?rubrique182,À ce penser à soi,3464 | 3469 | 3477 | 3481 | 3485 | 3494 | 3499 | 3502 | 3510 | 3517
183,https://ecrivanalyse.net/spip.php?rubrique183,De l’âge de la mer,3498
